{"cameraMode":{"drawMode":0,"name":"Shaded","section":"Shading Mode"},"sceneLighting":true,"audioPlay":false,"sceneViewState":{"m_AlwaysRefresh":false,"showFog":true,"showSkybox":true,"showFlares":true,"showImageEffects":true,"showParticleSystems":true,"showVisualEffectGraphs":true,"m_FxEnabled":false},"in2DMode":false,"pivot":{"x":2.786299228668213,"y":3.256584644317627,"z":100.1021728515625},"rotation":{"x":0.45963582396507265,"y":0.11683675646781922,"z":-0.06131085380911827,"w":0.8783915638923645},"size":3.3557608127593996,"orthographic":false}