{"cameraMode":{"drawMode":0,"name":"Shaded","section":"Shading Mode"},"sceneLighting":false,"audioPlay":false,"sceneViewState":{"m_AlwaysRefresh":false,"showFog":true,"showSkybox":false,"showFlares":true,"showImageEffects":true,"showParticleSystems":true,"showVisualEffectGraphs":true,"m_FxEnabled":false},"in2DMode":false,"pivot":{"x":-0.6016092896461487,"y":2.0614514350891115,"z":0.4891027510166168},"rotation":{"x":0.12580840289592744,"y":-0.8459740877151489,"z":0.22896331548690797,"w":0.4649054706096649},"size":0.8660253882408142,"orthographic":false}