{"cameraMode":{"drawMode":0,"name":"Shaded","section":"Shading Mode"},"sceneLighting":false,"audioPlay":false,"sceneViewState":{"m_AlwaysRefresh":false,"showFog":true,"showSkybox":false,"showFlares":true,"showImageEffects":true,"showParticleSystems":true,"showVisualEffectGraphs":true,"m_FxEnabled":false},"in2DMode":false,"pivot":{"x":381.5531005859375,"y":146.0374755859375,"z":1039.069580078125},"rotation":{"x":-0.10362707823514939,"y":0.013137009926140309,"z":-0.0012260687071830035,"w":-0.9946306347846985},"size":888.0796508789063,"orthographic":false}