{"cameraMode":{"drawMode":0,"name":"Shaded","section":"Shading Mode"},"sceneLighting":false,"audioPlay":false,"sceneViewState":{"m_AlwaysRefresh":false,"showFog":true,"showSkybox":false,"showFlares":true,"showImageEffects":true,"showParticleSystems":true,"showVisualEffectGraphs":true,"m_FxEnabled":false},"in2DMode":false,"pivot":{"x":2.9802322387695315e-8,"y":1.0450000762939454,"z":-5.960464477539063e-8},"rotation":{"x":-0.25852784514427187,"y":0.02986893244087696,"z":-0.00793417263776064,"w":-0.9655643701553345},"size":0.7132673263549805,"orthographic":false}