{"cameraMode":{"drawMode":0,"name":"Shaded","section":"Shading Mode"},"sceneLighting":false,"audioPlay":false,"sceneViewState":{"m_AlwaysRefresh":false,"showFog":true,"showSkybox":false,"showFlares":true,"showImageEffects":true,"showParticleSystems":true,"showVisualEffectGraphs":true,"m_FxEnabled":false},"in2DMode":false,"pivot":{"x":2.9802322387695315e-8,"y":0.11499999463558197,"z":-5.960464477539063e-8},"rotation":{"x":0.1655978262424469,"y":0.1487850844860077,"z":-0.02528163604438305,"w":0.9745811223983765},"size":0.7768206000328064,"orthographic":false}